order_id,next_status
31,confirmed
32,confirmed
33,confirmed
34,confirmed
35,confirmed
36,confirmed
37,confirmed
38,confirmed
39,confirmed
40,confirmed
41,confirmed
42,confirmed
43,confirmed
44,confirmed
45,confirmed
46,confirmed
47,confirmed
48,confirmed
49,confirmed
50,confirmed
51,confirmed
52,confirmed
53,confirmed
54,confirmed
55,confirmed
56,confirmed
57,confirmed
58,confirmed
59,confirmed
60,confirmed
61,confirmed
62,confirmed
63,confirmed
64,confirmed
65,confirmed
66,confirmed
67,confirmed
68,confirmed
69,confirmed
70,confirmed
71,confirmed
72,confirmed
73,confirmed
74,confirmed
75,confirmed
76,confirmed
77,confirmed
78,confirmed
79,confirmed
80,confirmed
81,confirmed
82,confirmed
83,confirmed
84,confirmed
85,confirmed
86,confirmed
87,confirmed
88,confirmed
89,confirmed
90,confirmed
91,confirmed
92,confirmed
93,confirmed
94,confirmed
95,confirmed
96,confirmed
97,confirmed
98,confirmed
99,confirmed
100,confirmed
101,confirmed
102,confirmed
103,confirmed
104,confirmed
105,confirmed
106,confirmed
107,confirmed
108,confirmed
109,confirmed
110,confirmed
111,confirmed
112,confirmed
113,confirmed
114,confirmed
115,confirmed
116,confirmed
117,confirmed
118,confirmed
119,confirmed
120,confirmed
121,confirmed
122,confirmed
123,confirmed
124,confirmed
125,confirmed
126,confirmed
127,confirmed
128,confirmed
129,confirmed
130,confirmed
131,confirmed
132,confirmed
133,confirmed
134,confirmed
135,confirmed
136,confirmed
137,confirmed
138,confirmed
139,confirmed
140,confirmed
141,confirmed
142,confirmed
143,confirmed
144,confirmed
145,confirmed
146,confirmed
147,confirmed
148,confirmed
149,confirmed
150,confirmed
151,confirmed
152,confirmed
153,confirmed
154,confirmed
155,confirmed
156,confirmed
157,confirmed
158,confirmed
159,confirmed
160,confirmed
161,confirmed
162,confirmed
163,confirmed
164,confirmed
165,confirmed
166,confirmed
167,confirmed
168,confirmed
169,confirmed
170,confirmed
171,confirmed
172,confirmed
173,confirmed
174,confirmed
175,confirmed
176,confirmed
177,confirmed
178,confirmed
179,confirmed
180,confirmed
181,confirmed
182,confirmed
183,confirmed
184,confirmed
185,confirmed
186,confirmed
187,confirmed
188,confirmed
189,confirmed
190,confirmed
191,confirmed
192,confirmed
193,confirmed
194,confirmed
195,confirmed
196,confirmed
197,confirmed
198,confirmed
199,confirmed
200,confirmed
201,confirmed
202,confirmed
203,confirmed
204,confirmed
205,confirmed
206,confirmed
207,confirmed
208,confirmed
209,confirmed
210,confirmed
211,confirmed
212,confirmed
213,confirmed
214,confirmed
215,confirmed
216,confirmed
217,confirmed
218,confirmed
219,confirmed
220,confirmed
221,confirmed
222,confirmed
223,confirmed
224,confirmed
225,confirmed
226,confirmed
227,confirmed
228,confirmed
229,confirmed
230,confirmed
231,confirmed
232,confirmed
233,confirmed
234,confirmed
235,confirmed
236,confirmed
237,confirmed
238,confirmed
239,confirmed
240,confirmed
241,confirmed
242,confirmed
243,confirmed
244,confirmed
245,confirmed
246,confirmed
247,confirmed
248,confirmed
249,confirmed
250,confirmed
251,confirmed
252,confirmed
253,confirmed
254,confirmed
255,confirmed
256,confirmed
257,confirmed
258,confirmed
259,confirmed
260,confirmed
261,confirmed
262,confirmed
263,confirmed
264,confirmed
265,confirmed
266,confirmed
267,confirmed
268,confirmed
269,confirmed
270,confirmed
271,confirmed
272,confirmed
273,confirmed
274,confirmed
275,confirmed
276,confirmed
277,confirmed
278,confirmed
279,confirmed
280,confirmed
281,confirmed
282,confirmed
283,confirmed
284,confirmed
285,confirmed
286,confirmed
287,confirmed
288,confirmed
289,confirmed
290,confirmed
291,confirmed
292,confirmed
293,confirmed
294,confirmed
295,confirmed
296,confirmed
297,confirmed
298,confirmed
299,confirmed
300,confirmed
301,confirmed
302,confirmed
303,confirmed
304,confirmed
305,confirmed
306,confirmed
307,confirmed
308,confirmed
309,confirmed
310,confirmed
311,confirmed
312,confirmed
313,confirmed
314,confirmed
315,confirmed
316,confirmed
317,confirmed
318,confirmed
319,confirmed
320,confirmed
321,confirmed
322,confirmed
323,confirmed
324,confirmed
325,confirmed
326,confirmed
327,confirmed
328,confirmed
329,confirmed
330,confirmed
331,confirmed
332,confirmed
333,confirmed
334,confirmed
335,confirmed
336,confirmed
337,confirmed
338,confirmed
339,confirmed
340,confirmed
341,confirmed
342,confirmed
343,confirmed
344,confirmed
345,confirmed
346,confirmed
347,confirmed
348,confirmed
349,confirmed
350,confirmed
351,confirmed
352,confirmed
353,confirmed
354,confirmed
355,confirmed
356,confirmed
357,confirmed
358,confirmed
359,confirmed
360,confirmed
361,confirmed
362,confirmed
363,confirmed
364,confirmed
365,confirmed
366,confirmed
367,confirmed
368,confirmed
369,confirmed
370,confirmed
371,confirmed
372,confirmed
373,confirmed
374,confirmed
375,confirmed
376,confirmed
377,confirmed
378,confirmed
379,confirmed
380,confirmed
381,confirmed
382,confirmed
383,confirmed
384,confirmed
385,confirmed
386,confirmed
387,confirmed
388,confirmed
389,confirmed
390,confirmed
391,confirmed
392,confirmed
393,confirmed
394,confirmed
395,confirmed
396,confirmed
397,confirmed
398,confirmed
399,confirmed
400,confirmed
401,confirmed
402,confirmed
403,confirmed
404,confirmed
405,confirmed
406,confirmed
407,confirmed
408,confirmed
409,confirmed
410,confirmed
411,confirmed
412,confirmed
413,confirmed
414,confirmed
415,confirmed
416,confirmed
417,confirmed
418,confirmed
419,confirmed
420,confirmed
421,confirmed
422,confirmed
423,confirmed
424,confirmed
425,confirmed
426,confirmed
427,confirmed
428,confirmed
429,confirmed
430,confirmed
