email,password,expect
perf_23127178_001@eshop.test,Perf1234!,200
perf_23127178_002@eshop.test,Perf1234!,200
perf_23127178_003@eshop.test,Perf1234!,200
perf_23127178_004@eshop.test,Perf1234!,200
perf_23127178_005@eshop.test,Perf1234!,200
perf_23127178_006@eshop.test,Perf1234!,200
perf_23127178_007@eshop.test,Perf1234!,200
perf_23127178_008@eshop.test,Perf1234!,200
perf_23127178_009@eshop.test,Perf1234!,200
perf_23127178_010@eshop.test,Perf1234!,200
perf_23127178_011@eshop.test,Perf1234!,200
perf_23127178_012@eshop.test,Perf1234!,200
perf_23127178_013@eshop.test,Perf1234!,200
perf_23127178_014@eshop.test,Perf1234!,200
perf_23127178_015@eshop.test,Perf1234!,200
perf_23127178_016@eshop.test,Perf1234!,200
perf_23127178_017@eshop.test,Perf1234!,200
perf_23127178_018@eshop.test,Perf1234!,200
perf_23127178_019@eshop.test,Perf1234!,200
perf_23127178_020@eshop.test,Perf1234!,200
perf_23127178_021@eshop.test,Perf1234!,200
perf_23127178_022@eshop.test,Perf1234!,200
perf_23127178_023@eshop.test,Perf1234!,200
perf_23127178_024@eshop.test,Perf1234!,200
perf_23127178_025@eshop.test,Perf1234!,200
perf_23127178_026@eshop.test,Perf1234!,200
perf_23127178_027@eshop.test,Perf1234!,200
perf_23127178_028@eshop.test,Perf1234!,200
perf_23127178_029@eshop.test,Perf1234!,200
perf_23127178_030@eshop.test,Perf1234!,200
perf_23127178_031@eshop.test,Perf1234!,200
perf_23127178_032@eshop.test,Perf1234!,200
perf_23127178_033@eshop.test,Perf1234!,200
perf_23127178_034@eshop.test,Perf1234!,200
perf_23127178_035@eshop.test,Perf1234!,200
perf_23127178_036@eshop.test,Perf1234!,200
perf_23127178_037@eshop.test,Perf1234!,200
perf_23127178_038@eshop.test,Perf1234!,200
perf_23127178_039@eshop.test,Perf1234!,200
perf_23127178_040@eshop.test,Perf1234!,200
perf_23127178_041@eshop.test,Perf1234!,200
perf_23127178_042@eshop.test,Perf1234!,200
perf_23127178_043@eshop.test,Perf1234!,200
perf_23127178_044@eshop.test,Perf1234!,200
perf_23127178_045@eshop.test,Perf1234!,200
perf_23127178_046@eshop.test,Perf1234!,200
perf_23127178_047@eshop.test,Perf1234!,200
perf_23127178_048@eshop.test,Perf1234!,200
perf_23127178_049@eshop.test,Perf1234!,200
perf_23127178_050@eshop.test,Perf1234!,200
